timestamp,sensor_id,value,unit
2025-05-27T11:17:11.476942,light_1,9641.12,lx
2025-05-27T11:17:11.476942,temp_1,23.2,°C
2025-05-27T11:17:11.476942,hum_1,52.1,%
2025-05-27T11:17:11.476942,press_1,1012.79,hPa
2025-05-27T11:17:12.477557,light_1,9648.92,lx
2025-05-27T11:17:12.477557,temp_1,20.6,°C
2025-05-27T11:17:12.477557,hum_1,43.08,%
2025-05-27T11:17:12.477557,press_1,1011.29,hPa
2025-05-27T11:17:13.478768,light_1,9742.98,lx
2025-05-27T11:17:13.478768,temp_1,22.85,°C
2025-05-27T11:17:13.478768,hum_1,39.22,%
2025-05-27T11:17:13.478768,press_1,1011.3,hPa
2025-05-27T11:17:14.479875,light_1,9575.73,lx
2025-05-27T11:17:14.479875,temp_1,21.99,°C
2025-05-27T11:17:14.479875,hum_1,40.57,%
2025-05-27T11:17:14.479875,press_1,1007.65,hPa
2025-05-27T11:17:15.481491,light_1,9757.38,lx
2025-05-27T11:17:15.481491,temp_1,23.49,°C
2025-05-27T11:17:15.481491,hum_1,45.19,%
2025-05-27T11:17:15.481491,press_1,1016.93,hPa
2025-05-27T11:17:16.481943,light_1,9741.19,lx
2025-05-27T11:17:16.481943,temp_1,23.35,°C
2025-05-27T11:17:16.481943,hum_1,36.72,%
2025-05-27T11:17:16.481943,press_1,1000.69,hPa
2025-05-27T11:17:17.483618,light_1,9751.64,lx
2025-05-27T11:17:17.483618,temp_1,20.78,°C
2025-05-27T11:17:17.483618,hum_1,49.04,%
2025-05-27T11:17:17.483618,press_1,1017.97,hPa
2025-05-27T11:17:18.485030,light_1,9759.12,lx
2025-05-27T11:17:18.485030,temp_1,22.75,°C
2025-05-27T11:17:18.485030,hum_1,44.55,%
2025-05-27T11:17:18.485030,press_1,1012.78,hPa
2025-05-27T11:17:19.487023,light_1,9634.59,lx
2025-05-27T11:17:19.487023,temp_1,23.31,°C
2025-05-27T11:17:19.487023,hum_1,52.59,%
2025-05-27T11:17:19.487023,press_1,1001.87,hPa
2025-05-27T11:17:20.489006,light_1,9729.92,lx
2025-05-27T11:17:20.489006,temp_1,22.57,°C
2025-05-27T11:17:20.489006,hum_1,36.28,%
2025-05-27T11:17:20.489006,press_1,1021.42,hPa
2025-05-27T11:17:21.491156,light_1,9585.18,lx
2025-05-27T11:17:21.491156,temp_1,23.26,°C
2025-05-27T11:17:21.491156,hum_1,52.47,%
2025-05-27T11:17:21.491156,press_1,1015.61,hPa
2025-05-27T11:17:22.492404,light_1,9678.44,lx
2025-05-27T11:17:22.492404,temp_1,21.73,°C
2025-05-27T11:17:22.492404,hum_1,40.89,%
2025-05-27T11:17:22.492404,press_1,1015.08,hPa
2025-05-27T11:17:23.493677,light_1,9643.78,lx
2025-05-27T11:17:23.493677,temp_1,21.16,°C
2025-05-27T11:17:23.493677,hum_1,42.84,%
2025-05-27T11:17:23.493677,press_1,1017.91,hPa
2025-05-27T11:17:24.494848,light_1,9701.75,lx
2025-05-27T11:17:24.494848,temp_1,21.78,°C
2025-05-27T11:17:24.494848,hum_1,32.49,%
2025-05-27T11:17:24.494848,press_1,1023.65,hPa
2025-05-27T11:17:25.495880,light_1,9708.79,lx
2025-05-27T11:17:25.495880,temp_1,21.89,°C
2025-05-27T11:17:25.495880,hum_1,39.13,%
2025-05-27T11:17:25.495880,press_1,1010.1,hPa
2025-05-27T11:17:26.497267,light_1,9704.4,lx
2025-05-27T11:17:26.497267,temp_1,21.49,°C
2025-05-27T11:17:26.497267,hum_1,40.64,%
2025-05-27T11:17:26.497267,press_1,1012.2,hPa
2025-05-27T11:17:27.499575,light_1,9644.18,lx
2025-05-27T11:17:27.499575,temp_1,20.78,°C
2025-05-27T11:17:27.499575,hum_1,51.09,%
2025-05-27T11:17:27.499575,press_1,1003.42,hPa
2025-05-27T11:17:28.501534,light_1,9683.57,lx
2025-05-27T11:17:28.501534,temp_1,20.7,°C
2025-05-27T11:17:28.501534,hum_1,49.7,%
2025-05-27T11:17:28.501534,press_1,1013.78,hPa
2025-05-27T11:17:29.503159,light_1,9695.2,lx
2025-05-27T11:17:29.503159,temp_1,21.3,°C
2025-05-27T11:17:29.503159,hum_1,51.21,%
2025-05-27T11:17:29.503159,press_1,1005.23,hPa
2025-05-27T11:17:30.504250,light_1,9706.38,lx
2025-05-27T11:17:30.504250,temp_1,22.49,°C
2025-05-27T11:17:30.504250,hum_1,34.1,%
2025-05-27T11:17:30.504250,press_1,1010.93,hPa
2025-05-27T11:17:31.505525,light_1,9708.91,lx
2025-05-27T11:17:31.505525,temp_1,23.01,°C
2025-05-27T11:17:31.505525,hum_1,42.19,%
2025-05-27T11:17:31.505525,press_1,1004.83,hPa
2025-05-27T11:17:32.506749,light_1,9697.95,lx
2025-05-27T11:17:32.506749,temp_1,21.42,°C
2025-05-27T11:17:32.506749,hum_1,49.9,%
2025-05-27T11:17:32.506749,press_1,1017.65,hPa
2025-05-27T11:17:33.508234,light_1,9755.5,lx
2025-05-27T11:17:33.508234,temp_1,21.34,°C
2025-05-27T11:17:33.508234,hum_1,33.47,%
2025-05-27T11:17:33.508234,press_1,1020.49,hPa
2025-05-27T11:17:34.510144,light_1,9735.31,lx
2025-05-27T11:17:34.510144,temp_1,20.57,°C
2025-05-27T11:17:34.510144,hum_1,39.18,%
2025-05-27T11:17:34.510144,press_1,1007.49,hPa
2025-05-27T11:17:35.510672,light_1,9733.96,lx
2025-05-27T11:17:35.510672,temp_1,21.8,°C
2025-05-27T11:17:35.510672,hum_1,46.87,%
2025-05-27T11:17:35.510672,press_1,997.58,hPa
2025-05-27T11:17:36.511900,light_1,9747.51,lx
2025-05-27T11:17:36.511900,temp_1,23.54,°C
2025-05-27T11:17:36.511900,hum_1,41.94,%
2025-05-27T11:17:36.511900,press_1,1001.78,hPa
2025-05-27T11:17:37.513360,light_1,9745.66,lx
2025-05-27T11:17:37.513360,temp_1,23.25,°C
2025-05-27T11:17:37.513360,hum_1,38.67,%
2025-05-27T11:17:37.513360,press_1,1002.53,hPa
2025-05-27T11:17:38.514917,light_1,9646.94,lx
2025-05-27T11:17:38.514917,temp_1,22.72,°C
2025-05-27T11:17:38.514917,hum_1,37.31,%
2025-05-27T11:17:38.514917,press_1,1005.7,hPa
2025-05-27T11:17:39.516105,light_1,9754.45,lx
2025-05-27T11:17:39.516105,temp_1,22.6,°C
2025-05-27T11:17:39.516105,hum_1,47.65,%
2025-05-27T11:17:39.516105,press_1,1008.26,hPa
2025-05-27T11:17:40.516613,light_1,9604.37,lx
2025-05-27T11:17:40.516613,temp_1,21.35,°C
2025-05-27T11:17:40.516613,hum_1,51.54,%
2025-05-27T11:17:40.516613,press_1,1009.81,hPa
2025-05-27T11:17:41.517075,light_1,9684.96,lx
2025-05-27T11:17:41.517075,temp_1,22.74,°C
2025-05-27T11:17:41.517075,hum_1,49.16,%
2025-05-27T11:17:41.517075,press_1,1004.98,hPa
2025-05-27T11:25:52.775568,temp_01,21.78,°C
2025-05-27T11:25:52.775568,hum_01,47.09,%
2025-05-27T11:25:52.775568,press_01,1013.67,hPa
2025-05-27T11:25:52.775568,light_01,9692.54,lx
2025-05-27T11:25:53.776481,temp_01,20.75,°C
2025-05-27T11:25:53.776481,hum_01,41.49,%
2025-05-27T11:25:53.776481,press_01,1001.27,hPa
2025-05-27T11:25:53.776481,light_01,9699.06,lx
2025-05-27T11:25:54.776705,temp_01,21.6,°C
2025-05-27T11:25:54.776705,hum_01,44.48,%
2025-05-27T11:25:54.776705,press_01,1019.29,hPa
2025-05-27T11:25:54.776705,light_01,9583.93,lx
2025-05-27T11:25:55.777235,temp_01,20.58,°C
2025-05-27T11:25:55.777235,hum_01,33.85,%
2025-05-27T11:25:55.777235,press_01,1002.9,hPa
2025-05-27T11:25:55.777235,light_01,9648.8,lx
2025-05-27T11:25:56.778269,temp_01,21.55,°C
2025-05-27T11:25:56.778269,hum_01,46.39,%
2025-05-27T11:25:56.778269,press_01,1006.32,hPa
2025-05-27T11:25:56.778269,light_01,9653.3,lx
2025-05-27T11:25:57.779391,temp_01,20.74,°C
2025-05-27T11:25:57.779391,hum_01,49.24,%
2025-05-27T11:25:57.779391,press_01,998.58,hPa
2025-05-27T11:25:57.779391,light_01,9726.31,lx
2025-05-27T11:25:58.780337,temp_01,20.75,°C
2025-05-27T11:25:58.780337,hum_01,42.4,%
2025-05-27T11:25:58.780337,press_01,1006.31,hPa
2025-05-27T11:25:58.780337,light_01,9582.03,lx
2025-05-27T11:25:59.781151,temp_01,22.53,°C
2025-05-27T11:25:59.781151,hum_01,49.75,%
2025-05-27T11:25:59.781151,press_01,1000.66,hPa
2025-05-27T11:25:59.781151,light_01,9723.95,lx
2025-05-27T11:26:00.781841,temp_01,21.64,°C
2025-05-27T11:26:00.781841,hum_01,43.94,%
2025-05-27T11:26:00.781841,press_01,1017.32,hPa
2025-05-27T11:26:00.781841,light_01,9651.29,lx
2025-05-27T11:26:01.782136,temp_01,22.16,°C
2025-05-27T11:26:01.782136,hum_01,45.33,%
2025-05-27T11:26:01.782136,press_01,1014.41,hPa
2025-05-27T11:26:01.782136,light_01,9633.08,lx
2025-05-27T11:26:02.782441,temp_01,22.8,°C
2025-05-27T11:26:02.782441,hum_01,34.42,%
2025-05-27T11:26:02.782441,press_01,1017.39,hPa
2025-05-27T11:26:02.782441,light_01,9748.21,lx
2025-05-27T11:26:03.782626,temp_01,20.73,°C
2025-05-27T11:26:03.782626,hum_01,43.86,%
2025-05-27T11:26:03.782626,press_01,1007.17,hPa
2025-05-27T11:26:03.782626,light_01,9648.96,lx
2025-05-27T11:26:04.782889,temp_01,21.87,°C
2025-05-27T11:26:04.782889,hum_01,41.48,%
2025-05-27T11:26:04.782889,press_01,1015.36,hPa
2025-05-27T11:26:04.782889,light_01,9629.36,lx
2025-05-27T11:26:05.783472,temp_01,20.65,°C
2025-05-27T11:26:05.783472,hum_01,35.75,%
2025-05-27T11:26:05.783472,press_01,1006.62,hPa
2025-05-27T11:26:05.783472,light_01,9686.0,lx
2025-05-27T11:26:06.784717,temp_01,21.22,°C
2025-05-27T11:26:06.784717,hum_01,39.81,%
2025-05-27T11:26:06.784717,press_01,1015.61,hPa
2025-05-27T11:26:06.784717,light_01,9586.15,lx
2025-05-27T11:27:53.497211,temp_01,22.45,°C
2025-05-27T11:27:53.497211,hum_01,54.22,%
2025-05-27T11:27:53.497211,press_01,1007.33,hPa
2025-05-27T11:27:53.497211,light_01,9621.2,lx
2025-05-27T11:27:54.497876,temp_01,21.51,°C
2025-05-27T11:27:54.497876,hum_01,38.16,%
2025-05-27T11:27:54.497876,press_01,1008.27,hPa
2025-05-27T11:27:54.497876,light_01,9674.44,lx
2025-05-27T11:27:55.499323,temp_01,21.4,°C
2025-05-27T11:27:55.499323,hum_01,42.28,%
2025-05-27T11:27:55.499323,press_01,1008.35,hPa
2025-05-27T11:27:55.499323,light_01,9623.2,lx
2025-05-27T11:27:56.499867,temp_01,21.69,°C
2025-05-27T11:27:56.499867,hum_01,45.28,%
2025-05-27T11:27:56.499867,press_01,998.12,hPa
2025-05-27T11:27:56.499867,light_01,9679.72,lx
2025-05-27T11:27:57.500996,temp_01,21.04,°C
2025-05-27T11:27:57.500996,hum_01,34.87,%
2025-05-27T11:27:57.500996,press_01,998.9,hPa
2025-05-27T11:27:57.500996,light_01,9703.2,lx
2025-05-27T18:35:43.692107,temp_01,13.29,°C
2025-05-27T18:35:43.692107,hum_01,66.66,%
2025-05-27T18:35:43.692107,press_01,983.87,hPa
2025-05-27T18:35:43.692107,light_01,0,lx
2025-05-27T18:35:44.692606,temp_01,12.77,°C
2025-05-27T18:35:44.692606,hum_01,78.49,%
2025-05-27T18:35:44.692606,press_01,977.3,hPa
2025-05-27T18:35:44.692606,light_01,82.48,lx
2025-05-27T18:35:45.693590,temp_01,11.39,°C
2025-05-27T18:35:45.693590,hum_01,74.81,%
2025-05-27T18:35:45.693590,press_01,1005.62,hPa
2025-05-27T18:35:45.693590,light_01,0,lx
2025-05-27T18:35:46.694599,temp_01,12.56,°C
2025-05-27T18:35:46.694599,hum_01,76.75,%
2025-05-27T18:35:46.694599,press_01,981.36,hPa
2025-05-27T18:35:46.694599,light_01,0,lx
2025-05-27T18:35:47.695403,temp_01,11.22,°C
2025-05-27T18:35:47.695403,hum_01,84.92,%
2025-05-27T18:35:47.695403,press_01,985.86,hPa
2025-05-27T18:35:47.695403,light_01,0,lx
2025-05-27T18:35:48.695610,temp_01,10.63,°C
2025-05-27T18:35:48.695610,hum_01,86.45,%
2025-05-27T18:35:48.695610,press_01,984.14,hPa
2025-05-27T18:35:48.695610,light_01,0,lx
2025-05-27T18:35:49.696786,temp_01,13.3,°C
2025-05-27T18:35:49.696786,hum_01,73.15,%
2025-05-27T18:35:49.696786,press_01,996.91,hPa
2025-05-27T18:35:49.696786,light_01,0,lx
2025-05-27T18:35:50.697840,temp_01,12.91,°C
2025-05-27T18:35:50.697840,hum_01,75.67,%
2025-05-27T18:35:50.697840,press_01,998.6,hPa
2025-05-27T18:35:50.697840,light_01,93.42,lx
2025-05-27T18:35:51.698448,temp_01,11.46,°C
2025-05-27T18:35:51.698448,hum_01,63.46,%
2025-05-27T18:35:51.698448,press_01,998.9,hPa
2025-05-27T18:35:51.698448,light_01,25.01,lx
2025-05-27T18:35:52.699466,temp_01,11.64,°C
2025-05-27T18:35:52.699466,hum_01,83.31,%
2025-05-27T18:35:52.699466,press_01,993.69,hPa
2025-05-27T18:35:52.699466,light_01,0,lx
2025-05-27T18:35:53.699690,temp_01,13.13,°C
2025-05-27T18:35:53.699690,hum_01,87.36,%
2025-05-27T18:35:53.699690,press_01,980.48,hPa
2025-05-27T18:35:53.699690,light_01,48.73,lx
2025-05-27T18:35:54.699901,temp_01,12.04,°C
2025-05-27T18:35:54.699901,hum_01,71.15,%
2025-05-27T18:35:54.699901,press_01,994.73,hPa
2025-05-27T18:35:54.699901,light_01,0,lx
2025-05-27T18:35:55.700726,temp_01,11.22,°C
2025-05-27T18:35:55.700726,hum_01,65.14,%
2025-05-27T18:35:55.700726,press_01,986.91,hPa
2025-05-27T18:35:55.700726,light_01,74.81,lx
2025-05-27T18:35:56.701217,temp_01,12.89,°C
2025-05-27T18:35:56.701217,hum_01,70.49,%
2025-05-27T18:35:56.701217,press_01,996.55,hPa
2025-05-27T18:35:56.701217,light_01,0,lx
2025-05-27T18:35:57.702220,temp_01,11.65,°C
2025-05-27T18:35:57.702220,hum_01,83.99,%
2025-05-27T18:35:57.702220,press_01,988.1,hPa
2025-05-27T18:35:57.702220,light_01,0,lx
2025-05-27T18:35:58.703109,temp_01,10.57,°C
2025-05-27T18:35:58.703109,hum_01,63.69,%
2025-05-27T18:35:58.703109,press_01,994.19,hPa
2025-05-27T18:35:58.703109,light_01,7.81,lx
2025-05-27T18:35:59.704191,temp_01,11.05,°C
2025-05-27T18:35:59.704191,hum_01,83.9,%
2025-05-27T18:35:59.704191,press_01,1001.02,hPa
2025-05-27T18:35:59.704191,light_01,95.75,lx
2025-05-27T18:37:54.874977,temp_01,12.15,°C
2025-05-27T18:37:54.874977,hum_01,68.28,%
2025-05-27T18:37:54.874977,press_01,1000.97,hPa
2025-05-27T18:37:54.874977,light_01,0,lx
2025-05-27T18:37:55.876120,temp_01,11.09,°C
2025-05-27T18:37:55.876120,hum_01,85.9,%
2025-05-27T18:37:55.876120,press_01,988.1,hPa
2025-05-27T18:37:55.876120,light_01,93.61,lx
2025-05-27T18:37:56.877144,temp_01,12.87,°C
2025-05-27T18:37:56.877144,hum_01,73.64,%
2025-05-27T18:37:56.877144,press_01,993.91,hPa
2025-05-27T18:37:56.877144,light_01,12.26,lx
2025-05-27T18:37:57.878250,temp_01,12.75,°C
2025-05-27T18:37:57.878250,hum_01,67.35,%
2025-05-27T18:37:57.878250,press_01,978.39,hPa
2025-05-27T18:37:57.878250,light_01,58.98,lx
2025-05-27T18:37:58.462372,temp_01,10.84,°C
2025-05-27T18:37:58.462372,hum_01,80.79,%
2025-05-27T18:37:58.462372,press_01,1005.79,hPa
2025-05-27T18:37:58.462372,light_01,78.16,lx
2025-05-27T18:37:59.462805,temp_01,12.62,°C
2025-05-27T18:37:59.462805,hum_01,70.51,%
2025-05-27T18:37:59.462805,press_01,995.65,hPa
2025-05-27T18:37:59.462805,light_01,0,lx
2025-05-27T18:38:00.463727,temp_01,11.93,°C
2025-05-27T18:38:00.463727,hum_01,79.89,%
2025-05-27T18:38:00.463727,press_01,1000.81,hPa
2025-05-27T18:38:00.463727,light_01,84.06,lx
2025-05-27T18:38:01.464007,temp_01,13.3,°C
2025-05-27T18:38:01.464007,hum_01,83.14,%
2025-05-27T18:38:01.464007,press_01,999.45,hPa
2025-05-27T18:38:01.464007,light_01,0,lx
2025-05-27T18:38:02.464653,temp_01,11.45,°C
2025-05-27T18:38:02.464653,hum_01,79.27,%
2025-05-27T18:38:02.464653,press_01,994.52,hPa
2025-05-27T18:38:02.464653,light_01,10.88,lx
2025-05-27T18:38:03.465388,temp_01,10.88,°C
2025-05-27T18:38:03.465388,hum_01,79.25,%
2025-05-27T18:38:03.465388,press_01,994.51,hPa
2025-05-27T18:38:03.465388,light_01,98.67,lx
2025-05-27T18:38:04.466209,temp_01,11.23,°C
2025-05-27T18:38:04.466209,hum_01,76.87,%
2025-05-27T18:38:04.466209,press_01,1004.59,hPa
2025-05-27T18:38:04.466209,light_01,50.81,lx
2025-05-27T19:59:26.010962,temp_01,13.47,°C
2025-05-27T19:59:26.010962,hum_01,70.86,%
2025-05-27T19:59:26.010962,press_01,990.57,hPa
2025-05-27T19:59:26.010962,light_01,110.5,lx
2025-05-27T19:59:27.011135,temp_01,12.03,°C
2025-05-27T19:59:27.011135,hum_01,78.09,%
2025-05-27T19:59:27.011135,press_01,992.78,hPa
2025-05-27T19:59:27.011135,light_01,0,lx
2025-05-27T19:59:28.011899,temp_01,13.7,°C
2025-05-27T19:59:28.011899,hum_01,69.24,%
2025-05-27T19:59:28.011899,press_01,989.9,hPa
2025-05-27T19:59:28.011899,light_01,79.98,lx
2025-05-27T19:59:29.182094,temp_01,11.67,°C
2025-05-27T19:59:29.182094,hum_01,67.02,%
2025-05-27T19:59:29.182094,press_01,987.65,hPa
2025-05-27T19:59:29.182094,light_01,0,lx
2025-05-27T19:59:30.182722,temp_01,12.06,°C
2025-05-27T19:59:30.182722,hum_01,86.76,%
2025-05-27T19:59:30.182722,press_01,995.69,hPa
2025-05-27T19:59:30.182722,light_01,87.52,lx
2025-05-27T19:59:31.183063,temp_01,12.12,°C
2025-05-27T19:59:31.183063,hum_01,78.84,%
2025-05-27T19:59:31.183063,press_01,982.04,hPa
2025-05-27T19:59:31.183063,light_01,0,lx
2025-05-27T19:59:32.183557,temp_01,11.25,°C
2025-05-27T19:59:32.183557,hum_01,69.23,%
2025-05-27T19:59:32.183557,press_01,994.82,hPa
2025-05-27T19:59:32.183557,light_01,0,lx
2025-05-27T19:59:33.184747,temp_01,11.64,°C
2025-05-27T19:59:33.184747,hum_01,67.72,%
2025-05-27T19:59:33.184747,press_01,988.46,hPa
2025-05-27T19:59:33.184747,light_01,0,lx
2025-05-27T19:59:34.185284,temp_01,11.24,°C
2025-05-27T19:59:34.185284,hum_01,70.34,%
2025-05-27T19:59:34.185284,press_01,983.84,hPa
2025-05-27T19:59:34.185284,light_01,0,lx
2025-05-27T21:06:06.129539,temp_01,15.63,°C
2025-05-27T21:06:06.129539,hum_01,68.16,%
2025-05-27T21:06:06.129539,press_01,990.45,hPa
2025-05-27T21:06:06.129539,light_01,68.18,lx
2025-05-27T21:06:07.130660,temp_01,13.64,°C
2025-05-27T21:06:07.130660,hum_01,83.24,%
2025-05-27T21:06:07.130660,press_01,995.0,hPa
2025-05-27T21:06:07.130660,light_01,109.58,lx
2025-05-27T21:06:08.131437,temp_01,14.65,°C
2025-05-27T21:06:08.131437,hum_01,71.57,%
2025-05-27T21:06:08.131437,press_01,987.11,hPa
2025-05-27T21:06:08.131437,light_01,0,lx
2025-05-27T21:06:09.131936,temp_01,14.01,°C
2025-05-27T21:06:09.131936,hum_01,70.67,%
2025-05-27T21:06:09.131936,press_01,1009.32,hPa
2025-05-27T21:06:09.131936,light_01,115.73,lx
2025-05-27T21:06:25.563803,temp_01,15.1,°C
2025-05-27T21:06:25.563803,hum_01,78.56,%
2025-05-27T21:06:25.563803,press_01,992.28,hPa
2025-05-27T21:06:25.563803,light_01,0,lx
2025-05-27T21:06:26.564310,temp_01,13.04,°C
2025-05-27T21:06:26.564310,hum_01,68.93,%
2025-05-27T21:06:26.564310,press_01,1002.32,hPa
2025-05-27T21:06:26.564310,light_01,10.43,lx
2025-05-27T21:06:27.564916,temp_01,13.58,°C
2025-05-27T21:06:27.564916,hum_01,79.5,%
2025-05-27T21:06:27.564916,press_01,981.03,hPa
2025-05-27T21:06:27.564916,light_01,0.52,lx
2025-05-27T21:06:28.565511,temp_01,13.06,°C
2025-05-27T21:06:28.565511,hum_01,75.43,%
2025-05-27T21:06:28.565511,press_01,996.49,hPa
2025-05-27T21:06:28.565511,light_01,0,lx
2025-05-27T21:11:10.109193,temp_01,15.63,°C
2025-05-27T21:11:10.109193,hum_01,80.68,%
2025-05-27T21:11:10.109193,press_01,987.78,hPa
2025-05-27T21:11:10.109193,light_01,0,lx
2025-05-27T21:11:11.109472,temp_01,13.79,°C
2025-05-27T21:11:11.109472,hum_01,76.95,%
2025-05-27T21:11:11.109472,press_01,994.6,hPa
2025-05-27T21:11:11.109472,light_01,86.96,lx
2025-05-27T21:11:12.110431,temp_01,14.98,°C
2025-05-27T21:11:12.110431,hum_01,62.35,%
2025-05-27T21:11:12.110431,press_01,1000.42,hPa
2025-05-27T21:11:12.110431,light_01,19.06,lx
2025-05-27T21:11:13.111234,temp_01,13.27,°C
2025-05-27T21:11:13.111234,hum_01,63.68,%
2025-05-27T21:11:13.111234,press_01,990.85,hPa
2025-05-27T21:11:13.111234,light_01,0,lx
2025-05-27T21:11:14.112325,temp_01,15.67,°C
2025-05-27T21:11:14.112325,hum_01,72.63,%
2025-05-27T21:11:14.112325,press_01,981.78,hPa
2025-05-27T21:11:14.112325,light_01,0,lx
2025-05-27T21:11:15.113023,temp_01,13.65,°C
2025-05-27T21:11:15.113023,hum_01,84.16,%
2025-05-27T21:11:15.113023,press_01,981.91,hPa
2025-05-27T21:11:15.113023,light_01,78.79,lx
2025-05-27T21:11:16.113494,temp_01,15.8,°C
2025-05-27T21:11:16.113494,hum_01,68.34,%
2025-05-27T21:11:16.113494,press_01,1003.12,hPa
2025-05-27T21:11:16.113494,light_01,97.28,lx
2025-05-27T21:11:17.114328,temp_01,14.74,°C
2025-05-27T21:11:17.114328,hum_01,68.45,%
2025-05-27T21:11:17.114328,press_01,1000.67,hPa
2025-05-27T21:11:17.114328,light_01,72.41,lx
2025-05-27T21:11:18.115811,temp_01,15.73,°C
2025-05-27T21:11:18.115811,hum_01,65.73,%
2025-05-27T21:11:18.115811,press_01,989.29,hPa
2025-05-27T21:11:18.115811,light_01,0,lx
2025-05-27T21:11:19.116334,temp_01,13.97,°C
2025-05-27T21:11:19.116334,hum_01,75.18,%
2025-05-27T21:11:19.116334,press_01,1003.82,hPa
2025-05-27T21:11:19.116334,light_01,77.3,lx
2025-05-27T21:11:20.116992,temp_01,13.44,°C
2025-05-27T21:11:20.116992,hum_01,69.37,%
2025-05-27T21:11:20.116992,press_01,989.92,hPa
2025-05-27T21:11:20.116992,light_01,0,lx
2025-05-27T21:11:21.117553,temp_01,13.66,°C
2025-05-27T21:11:21.117553,hum_01,68.77,%
2025-05-27T21:11:21.117553,press_01,992.26,hPa
2025-05-27T21:11:21.117553,light_01,0,lx
2025-05-27T21:11:22.117897,temp_01,13.23,°C
2025-05-27T21:11:22.117897,hum_01,83.32,%
2025-05-27T21:11:22.117897,press_01,993.11,hPa
2025-05-27T21:11:22.117897,light_01,39.06,lx
2025-05-27T21:11:23.118416,temp_01,14.45,°C
2025-05-27T21:11:23.118416,hum_01,70.75,%
2025-05-27T21:11:23.118416,press_01,999.47,hPa
2025-05-27T21:11:23.118416,light_01,0,lx
2025-05-27T21:11:24.119094,temp_01,13.92,°C
2025-05-27T21:11:24.119094,hum_01,75.66,%
2025-05-27T21:11:24.119094,press_01,1005.72,hPa
2025-05-27T21:11:24.119094,light_01,9.27,lx
2025-05-27T21:11:25.120079,temp_01,14.92,°C
2025-05-27T21:11:25.120079,hum_01,75.64,%
2025-05-27T21:11:25.120079,press_01,988.96,hPa
2025-05-27T21:11:25.120079,light_01,39.26,lx
2025-05-27T21:11:26.120417,temp_01,15.74,°C
2025-05-27T21:11:26.120417,hum_01,74.98,%
2025-05-27T21:11:26.120417,press_01,976.02,hPa
2025-05-27T21:11:26.120417,light_01,0,lx
2025-05-27T21:11:27.121021,temp_01,15.76,°C
2025-05-27T21:11:27.121021,hum_01,73.51,%
2025-05-27T21:11:27.121021,press_01,1001.51,hPa
2025-05-27T21:11:27.121021,light_01,22.61,lx
2025-05-27T21:11:28.121715,temp_01,14.91,°C
2025-05-27T21:11:28.121715,hum_01,69.0,%
2025-05-27T21:11:28.121715,press_01,998.63,hPa
2025-05-27T21:11:28.121715,light_01,0,lx
2025-05-27T21:11:29.122933,temp_01,13.64,°C
2025-05-27T21:11:29.122933,hum_01,75.87,%
2025-05-27T21:11:29.122933,press_01,998.18,hPa
2025-05-27T21:11:29.122933,light_01,0,lx
2025-05-27T21:11:30.124215,temp_01,12.94,°C
2025-05-27T21:11:30.124215,hum_01,73.95,%
2025-05-27T21:11:30.124215,press_01,1002.73,hPa
2025-05-27T21:11:30.124215,light_01,0,lx
2025-05-27T21:11:31.124708,temp_01,14.72,°C
2025-05-27T21:11:31.124708,hum_01,72.48,%
2025-05-27T21:11:31.124708,press_01,993.28,hPa
2025-05-27T21:11:31.124708,light_01,48.91,lx
2025-05-27T21:11:32.125145,temp_01,13.31,°C
2025-05-27T21:11:32.125145,hum_01,81.68,%
2025-05-27T21:11:32.125145,press_01,991.11,hPa
2025-05-27T21:11:32.125145,light_01,0,lx
2025-05-27T21:11:33.125508,temp_01,13.95,°C
2025-05-27T21:11:33.125508,hum_01,81.96,%
2025-05-27T21:11:33.125508,press_01,988.62,hPa
2025-05-27T21:11:33.125508,light_01,0,lx
2025-05-27T21:11:34.126591,temp_01,14.65,°C
2025-05-27T21:11:34.126591,hum_01,77.48,%
2025-05-27T21:11:34.126591,press_01,991.71,hPa
2025-05-27T21:11:34.126591,light_01,33.73,lx
2025-05-27T21:11:35.127081,temp_01,14.85,°C
2025-05-27T21:11:35.127081,hum_01,82.0,%
2025-05-27T21:11:35.127081,press_01,977.06,hPa
2025-05-27T21:11:35.127081,light_01,50.31,lx
2025-05-27T21:11:36.128325,temp_01,14.77,°C
2025-05-27T21:11:36.128325,hum_01,72.06,%
2025-05-27T21:11:36.128325,press_01,989.51,hPa
2025-05-27T21:11:36.128325,light_01,0,lx
2025-05-27T21:11:37.128553,temp_01,13.31,°C
2025-05-27T21:11:37.128553,hum_01,79.69,%
2025-05-27T21:11:37.128553,press_01,987.88,hPa
2025-05-27T21:11:37.128553,light_01,0,lx
2025-05-27T21:11:38.128799,temp_01,15.38,°C
2025-05-27T21:11:38.128799,hum_01,71.98,%
2025-05-27T21:11:38.128799,press_01,1004.61,hPa
2025-05-27T21:11:38.128799,light_01,0,lx
2025-05-27T21:11:39.129682,temp_01,14.25,°C
2025-05-27T21:11:39.129682,hum_01,72.19,%
2025-05-27T21:11:39.129682,press_01,1007.45,hPa
2025-05-27T21:11:39.129682,light_01,33.06,lx
2025-05-27T21:11:40.130845,temp_01,13.28,°C
2025-05-27T21:11:40.130845,hum_01,73.31,%
2025-05-27T21:11:40.130845,press_01,1002.31,hPa
2025-05-27T21:11:40.130845,light_01,9.92,lx
2025-05-27T21:11:41.131632,temp_01,14.09,°C
2025-05-27T21:11:41.131632,hum_01,66.09,%
2025-05-27T21:11:41.131632,press_01,999.46,hPa
2025-05-27T21:11:41.131632,light_01,0,lx
2025-05-27T21:11:42.131908,temp_01,15.04,°C
2025-05-27T21:11:42.131908,hum_01,77.92,%
2025-05-27T21:11:42.131908,press_01,987.08,hPa
2025-05-27T21:11:42.131908,light_01,0,lx
2025-05-27T21:11:43.132217,temp_01,15.46,°C
2025-05-27T21:11:43.132217,hum_01,71.87,%
2025-05-27T21:11:43.132217,press_01,986.93,hPa
2025-05-27T21:11:43.132217,light_01,0,lx
2025-05-27T21:11:44.133098,temp_01,13.95,°C
2025-05-27T21:11:44.133098,hum_01,78.15,%
2025-05-27T21:11:44.133098,press_01,989.15,hPa
2025-05-27T21:11:44.133098,light_01,0,lx
2025-05-27T21:11:45.133629,temp_01,14.43,°C
2025-05-27T21:11:45.133629,hum_01,73.82,%
2025-05-27T21:11:45.133629,press_01,992.05,hPa
2025-05-27T21:11:45.133629,light_01,95.27,lx
2025-05-27T21:11:46.134239,temp_01,13.75,°C
2025-05-27T21:11:46.134239,hum_01,77.44,%
2025-05-27T21:11:46.134239,press_01,1000.19,hPa
2025-05-27T21:11:46.134239,light_01,42.33,lx
2025-05-27T21:11:47.134401,temp_01,14.05,°C
2025-05-27T21:11:47.134401,hum_01,70.63,%
2025-05-27T21:11:47.134401,press_01,1004.62,hPa
2025-05-27T21:11:47.134401,light_01,1.53,lx
2025-05-27T21:11:48.134983,temp_01,14.69,°C
2025-05-27T21:11:48.134983,hum_01,64.16,%
2025-05-27T21:11:48.134983,press_01,978.91,hPa
2025-05-27T21:11:48.134983,light_01,0,lx
2025-05-27T21:11:49.146039,temp_01,14.43,°C
2025-05-27T21:11:49.146039,hum_01,73.62,%
2025-05-27T21:11:49.146039,press_01,992.28,hPa
2025-05-27T21:11:49.146039,light_01,0,lx
2025-05-27T21:11:50.146637,temp_01,13.05,°C
2025-05-27T21:11:50.146637,hum_01,86.73,%
2025-05-27T21:11:50.146637,press_01,990.23,hPa
2025-05-27T21:11:50.146637,light_01,0,lx
2025-05-27T21:11:51.146931,temp_01,13.8,°C
2025-05-27T21:11:51.146931,hum_01,77.04,%
2025-05-27T21:11:51.146931,press_01,992.58,hPa
2025-05-27T21:11:51.146931,light_01,0,lx
2025-05-27T21:11:52.147284,temp_01,13.11,°C
2025-05-27T21:11:52.147284,hum_01,74.02,%
2025-05-27T21:11:52.147284,press_01,985.18,hPa
2025-05-27T21:11:52.147284,light_01,11.26,lx
2025-05-27T21:11:53.147600,temp_01,15.26,°C
2025-05-27T21:11:53.147600,hum_01,68.23,%
2025-05-27T21:11:53.147600,press_01,985.59,hPa
2025-05-27T21:11:53.147600,light_01,0,lx
2025-05-27T21:11:54.147908,temp_01,13.53,°C
2025-05-27T21:11:54.147908,hum_01,81.11,%
2025-05-27T21:11:54.147908,press_01,991.71,hPa
2025-05-27T21:11:54.147908,light_01,47.35,lx
2025-05-27T21:11:55.161185,temp_01,13.29,°C
2025-05-27T21:11:55.161185,hum_01,73.94,%
2025-05-27T21:11:55.161185,press_01,998.15,hPa
2025-05-27T21:11:55.161185,light_01,0,lx
2025-05-27T21:11:56.161553,temp_01,14.93,°C
2025-05-27T21:11:56.161553,hum_01,83.29,%
2025-05-27T21:11:56.161553,press_01,1000.27,hPa
2025-05-27T21:11:56.161553,light_01,36.17,lx
2025-05-27T21:11:57.161873,temp_01,12.97,°C
2025-05-27T21:11:57.161873,hum_01,71.39,%
2025-05-27T21:11:57.161873,press_01,998.98,hPa
2025-05-27T21:11:57.161873,light_01,100.43,lx
2025-05-27T21:11:58.162193,temp_01,15.38,°C
2025-05-27T21:11:58.162193,hum_01,77.43,%
2025-05-27T21:11:58.162193,press_01,995.71,hPa
2025-05-27T21:11:58.162193,light_01,0.64,lx
2025-05-27T21:11:59.172822,temp_01,12.89,°C
2025-05-27T21:11:59.172822,hum_01,67.78,%
2025-05-27T21:11:59.172822,press_01,986.47,hPa
2025-05-27T21:11:59.172822,light_01,0,lx
2025-05-27T21:12:00.174824,temp_01,14.57,°C
2025-05-27T21:12:00.174824,hum_01,76.02,%
2025-05-27T21:12:00.174824,press_01,981.13,hPa
2025-05-27T21:12:00.174824,light_01,97.02,lx
2025-05-27T21:12:01.175142,temp_01,15.5,°C
2025-05-27T21:12:01.175142,hum_01,84.95,%
2025-05-27T21:12:01.175142,press_01,993.01,hPa
2025-05-27T21:12:01.175142,light_01,63.33,lx
2025-05-27T21:12:02.175515,temp_01,13.59,°C
2025-05-27T21:12:02.175515,hum_01,74.67,%
2025-05-27T21:12:02.175515,press_01,987.61,hPa
2025-05-27T21:12:02.175515,light_01,0,lx
2025-05-27T21:12:03.176223,temp_01,14.42,°C
2025-05-27T21:12:03.176223,hum_01,69.22,%
2025-05-27T21:12:03.176223,press_01,1001.7,hPa
2025-05-27T21:12:03.176223,light_01,0,lx
2025-05-27T21:12:04.176574,temp_01,14.6,°C
2025-05-27T21:12:04.176574,hum_01,67.49,%
2025-05-27T21:12:04.176574,press_01,1008.25,hPa
2025-05-27T21:12:04.176574,light_01,0,lx
2025-05-27T21:12:05.176899,temp_01,14.61,°C
2025-05-27T21:12:05.176899,hum_01,65.28,%
2025-05-27T21:12:05.176899,press_01,987.06,hPa
2025-05-27T21:12:05.176899,light_01,0,lx
2025-05-27T21:12:06.177231,temp_01,13.31,°C
2025-05-27T21:12:06.177231,hum_01,71.95,%
2025-05-27T21:12:06.177231,press_01,1001.09,hPa
2025-05-27T21:12:06.177231,light_01,40.08,lx
2025-05-27T21:12:07.189542,temp_01,13.16,°C
2025-05-27T21:12:07.189542,hum_01,77.49,%
2025-05-27T21:12:07.189542,press_01,1003.65,hPa
2025-05-27T21:12:07.189542,light_01,115.56,lx
2025-05-27T21:12:08.189880,temp_01,13.68,°C
2025-05-27T21:12:08.189880,hum_01,76.26,%
2025-05-27T21:12:08.189880,press_01,982.93,hPa
2025-05-27T21:12:08.189880,light_01,0,lx
2025-05-27T21:12:09.190435,temp_01,13.6,°C
2025-05-27T21:12:09.190435,hum_01,82.5,%
2025-05-27T21:12:09.190435,press_01,1006.97,hPa
2025-05-27T21:12:09.190435,light_01,0,lx
2025-05-27T21:12:10.191010,temp_01,14.49,°C
2025-05-27T21:12:10.191010,hum_01,81.44,%
2025-05-27T21:12:10.191010,press_01,991.39,hPa
2025-05-27T21:12:10.191010,light_01,60.42,lx
2025-05-27T21:12:11.192129,temp_01,15.2,°C
2025-05-27T21:12:11.192129,hum_01,80.03,%
2025-05-27T21:12:11.192129,press_01,1006.41,hPa
2025-05-27T21:12:11.192129,light_01,0,lx
2025-05-27T21:12:12.192653,temp_01,13.31,°C
2025-05-27T21:12:12.192653,hum_01,69.69,%
2025-05-27T21:12:12.192653,press_01,981.38,hPa
2025-05-27T21:12:12.192653,light_01,0,lx
2025-05-27T21:12:13.192937,temp_01,15.17,°C
2025-05-27T21:12:13.192937,hum_01,72.63,%
2025-05-27T21:12:13.192937,press_01,979.49,hPa
2025-05-27T21:12:13.192937,light_01,39.34,lx
2025-05-27T21:12:14.193540,temp_01,15.49,°C
2025-05-27T21:12:14.193540,hum_01,68.31,%
2025-05-27T21:12:14.193540,press_01,991.59,hPa
2025-05-27T21:12:14.193540,light_01,51.8,lx
2025-05-27T21:12:15.194082,temp_01,13.49,°C
2025-05-27T21:12:15.194082,hum_01,78.07,%
2025-05-27T21:12:15.194082,press_01,990.11,hPa
2025-05-27T21:12:15.194082,light_01,0,lx
2025-05-27T21:12:16.194588,temp_01,15.76,°C
2025-05-27T21:12:16.194588,hum_01,81.4,%
2025-05-27T21:12:16.194588,press_01,991.08,hPa
2025-05-27T21:12:16.194588,light_01,88.77,lx
2025-05-27T21:12:17.195076,temp_01,14.97,°C
2025-05-27T21:12:17.195076,hum_01,66.98,%
2025-05-27T21:12:17.195076,press_01,986.13,hPa
2025-05-27T21:12:17.195076,light_01,0,lx
2025-05-27T21:12:18.196069,temp_01,13.34,°C
2025-05-27T21:12:18.196069,hum_01,74.17,%
2025-05-27T21:12:18.196069,press_01,992.3,hPa
2025-05-27T21:12:18.196069,light_01,59.57,lx
2025-05-27T21:12:19.197173,temp_01,13.41,°C
2025-05-27T21:12:19.197173,hum_01,76.95,%
2025-05-27T21:12:19.197173,press_01,999.55,hPa
2025-05-27T21:12:19.197173,light_01,0,lx
2025-05-27T21:12:20.197848,temp_01,15.67,°C
2025-05-27T21:12:20.197848,hum_01,82.27,%
2025-05-27T21:12:20.197848,press_01,996.12,hPa
2025-05-27T21:12:20.197848,light_01,104.92,lx
2025-05-27T21:12:21.199274,temp_01,15.31,°C
2025-05-27T21:12:21.199274,hum_01,80.6,%
2025-05-27T21:12:21.199274,press_01,998.82,hPa
2025-05-27T21:12:21.199274,light_01,0,lx
2025-05-27T21:12:22.200052,temp_01,13.96,°C
2025-05-27T21:12:22.200052,hum_01,72.69,%
2025-05-27T21:12:22.200052,press_01,1002.58,hPa
2025-05-27T21:12:22.200052,light_01,0,lx
2025-05-27T21:12:23.201411,temp_01,13.7,°C
2025-05-27T21:12:23.201411,hum_01,65.83,%
2025-05-27T21:12:23.201411,press_01,985.66,hPa
2025-05-27T21:12:23.201411,light_01,92.2,lx
2025-05-27T21:12:24.201622,temp_01,14.08,°C
2025-05-27T21:12:24.201622,hum_01,84.24,%
2025-05-27T21:12:24.201622,press_01,1005.7,hPa
2025-05-27T21:12:24.201622,light_01,8.37,lx
2025-05-27T21:12:25.201818,temp_01,14.0,°C
2025-05-27T21:12:25.201818,hum_01,84.8,%
2025-05-27T21:12:25.201818,press_01,993.23,hPa
2025-05-27T21:12:25.201818,light_01,40.16,lx
2025-05-27T21:12:26.202014,temp_01,13.4,°C
2025-05-27T21:12:26.202014,hum_01,71.68,%
2025-05-27T21:12:26.202014,press_01,995.52,hPa
2025-05-27T21:12:26.202014,light_01,0,lx
2025-05-27T21:12:27.202605,temp_01,13.77,°C
2025-05-27T21:12:27.202605,hum_01,83.67,%
2025-05-27T21:12:27.202605,press_01,980.02,hPa
2025-05-27T21:12:27.202605,light_01,12.47,lx
2025-05-27T21:12:28.203012,temp_01,14.18,°C
2025-05-27T21:12:28.203012,hum_01,71.49,%
2025-05-27T21:12:28.203012,press_01,985.97,hPa
2025-05-27T21:12:28.203012,light_01,0,lx
2025-05-27T21:12:29.203515,temp_01,13.35,°C
2025-05-27T21:12:29.203515,hum_01,77.76,%
2025-05-27T21:12:29.203515,press_01,995.01,hPa
2025-05-27T21:12:29.203515,light_01,25.4,lx
2025-05-27T21:12:30.203958,temp_01,15.4,°C
2025-05-27T21:12:30.203958,hum_01,80.7,%
2025-05-27T21:12:30.203958,press_01,981.52,hPa
2025-05-27T21:12:30.203958,light_01,0,lx
2025-05-27T21:12:31.204848,temp_01,14.29,°C
2025-05-27T21:12:31.204848,hum_01,82.7,%
2025-05-27T21:12:31.204848,press_01,992.13,hPa
2025-05-27T21:12:31.204848,light_01,35.49,lx
2025-05-27T21:12:32.205510,temp_01,14.41,°C
2025-05-27T21:12:32.205510,hum_01,78.19,%
2025-05-27T21:12:32.205510,press_01,983.34,hPa
2025-05-27T21:12:32.205510,light_01,57.75,lx
2025-05-27T21:12:33.206546,temp_01,14.14,°C
2025-05-27T21:12:33.206546,hum_01,72.18,%
2025-05-27T21:12:33.206546,press_01,1000.59,hPa
2025-05-27T21:12:33.206546,light_01,0,lx
2025-05-27T21:12:34.207585,temp_01,13.29,°C
2025-05-27T21:12:34.207585,hum_01,76.97,%
2025-05-27T21:12:34.207585,press_01,980.87,hPa
2025-05-27T21:12:34.207585,light_01,0,lx
2025-05-27T21:12:35.208209,temp_01,15.09,°C
2025-05-27T21:12:35.208209,hum_01,78.38,%
2025-05-27T21:12:35.208209,press_01,991.54,hPa
2025-05-27T21:12:35.208209,light_01,0,lx
2025-05-27T21:12:36.208364,temp_01,14.32,°C
2025-05-27T21:12:36.208364,hum_01,75.77,%
2025-05-27T21:12:36.208364,press_01,999.01,hPa
2025-05-27T21:12:36.208364,light_01,0,lx
2025-05-27T21:12:37.208788,temp_01,15.22,°C
2025-05-27T21:12:37.208788,hum_01,65.17,%
2025-05-27T21:12:37.208788,press_01,988.84,hPa
2025-05-27T21:12:37.208788,light_01,27.57,lx
2025-05-27T21:12:38.210120,temp_01,13.37,°C
2025-05-27T21:12:38.210120,hum_01,83.25,%
2025-05-27T21:12:38.210120,press_01,993.21,hPa
2025-05-27T21:12:38.210120,light_01,77.93,lx
2025-05-27T21:12:39.211261,temp_01,14.95,°C
2025-05-27T21:12:39.211261,hum_01,80.29,%
2025-05-27T21:12:39.211261,press_01,986.2,hPa
2025-05-27T21:12:39.211261,light_01,0,lx
2025-05-27T21:12:40.211554,temp_01,13.59,°C
2025-05-27T21:12:40.211554,hum_01,68.47,%
2025-05-27T21:12:40.211554,press_01,986.56,hPa
2025-05-27T21:12:40.211554,light_01,84.48,lx
2025-05-27T21:12:41.211961,temp_01,15.35,°C
2025-05-27T21:12:41.211961,hum_01,82.15,%
2025-05-27T21:12:41.211961,press_01,986.13,hPa
2025-05-27T21:12:41.211961,light_01,0,lx
2025-05-27T21:12:42.212485,temp_01,12.88,°C
2025-05-27T21:12:42.212485,hum_01,73.87,%
2025-05-27T21:12:42.212485,press_01,996.88,hPa
2025-05-27T21:12:42.212485,light_01,20.18,lx
2025-05-27T21:12:43.212998,temp_01,15.75,°C
2025-05-27T21:12:43.212998,hum_01,84.48,%
2025-05-27T21:12:43.212998,press_01,996.2,hPa
2025-05-27T21:12:43.212998,light_01,0,lx
2025-05-27T21:12:44.213513,temp_01,13.11,°C
2025-05-27T21:12:44.213513,hum_01,71.13,%
2025-05-27T21:12:44.213513,press_01,1003.56,hPa
2025-05-27T21:12:44.213513,light_01,45.88,lx
2025-05-27T21:12:45.214609,temp_01,13.72,°C
2025-05-27T21:12:45.214609,hum_01,71.75,%
2025-05-27T21:12:45.214609,press_01,984.3,hPa
2025-05-27T21:12:45.214609,light_01,0,lx
2025-05-27T21:12:46.215691,temp_01,15.8,°C
2025-05-27T21:12:46.215691,hum_01,72.15,%
2025-05-27T21:12:46.215691,press_01,996.28,hPa
2025-05-27T21:12:46.215691,light_01,0,lx
2025-05-27T21:12:47.215970,temp_01,15.16,°C
2025-05-27T21:12:47.215970,hum_01,78.73,%
2025-05-27T21:12:47.215970,press_01,990.6,hPa
2025-05-27T21:12:47.215970,light_01,46.53,lx
2025-05-27T21:12:48.216791,temp_01,13.73,°C
2025-05-27T21:12:48.216791,hum_01,79.99,%
2025-05-27T21:12:48.216791,press_01,984.51,hPa
2025-05-27T21:12:48.216791,light_01,0,lx
2025-05-27T21:12:49.217806,temp_01,14.45,°C
2025-05-27T21:12:49.217806,hum_01,66.67,%
2025-05-27T21:12:49.217806,press_01,993.23,hPa
2025-05-27T21:12:49.217806,light_01,0,lx
2025-05-27T21:12:50.220741,temp_01,15.22,°C
2025-05-27T21:12:50.220741,hum_01,68.17,%
2025-05-27T21:12:50.220741,press_01,977.9,hPa
2025-05-27T21:12:50.220741,light_01,0,lx
2025-05-27T21:12:51.221339,temp_01,15.21,°C
2025-05-27T21:12:51.221339,hum_01,66.91,%
2025-05-27T21:12:51.221339,press_01,1000.15,hPa
2025-05-27T21:12:51.221339,light_01,83.83,lx
2025-05-27T21:12:52.222280,temp_01,13.24,°C
2025-05-27T21:12:52.222280,hum_01,69.93,%
2025-05-27T21:12:52.222280,press_01,983.92,hPa
2025-05-27T21:12:52.222280,light_01,49.26,lx
2025-05-27T21:12:53.222498,temp_01,15.32,°C
2025-05-27T21:12:53.222498,hum_01,88.29,%
2025-05-27T21:12:53.222498,press_01,994.48,hPa
2025-05-27T21:12:53.222498,light_01,0,lx
2025-05-27T21:12:54.223491,temp_01,15.73,°C
2025-05-27T21:12:54.223491,hum_01,71.21,%
2025-05-27T21:12:54.223491,press_01,982.79,hPa
2025-05-27T21:12:54.223491,light_01,7.55,lx
2025-05-27T21:12:55.224836,temp_01,13.23,°C
2025-05-27T21:12:55.224836,hum_01,71.92,%
2025-05-27T21:12:55.224836,press_01,980.81,hPa
2025-05-27T21:12:55.224836,light_01,101.43,lx
2025-05-27T21:12:56.225660,temp_01,13.07,°C
2025-05-27T21:12:56.225660,hum_01,73.66,%
2025-05-27T21:12:56.225660,press_01,1008.25,hPa
2025-05-27T21:12:56.225660,light_01,12.53,lx
2025-05-27T21:12:57.226016,temp_01,14.54,°C
2025-05-27T21:12:57.226016,hum_01,70.11,%
2025-05-27T21:12:57.226016,press_01,999.82,hPa
2025-05-27T21:12:57.226016,light_01,65.94,lx
2025-05-27T21:12:58.227142,temp_01,13.35,°C
2025-05-27T21:12:58.227142,hum_01,79.46,%
2025-05-27T21:12:58.227142,press_01,1008.37,hPa
2025-05-27T21:12:58.227142,light_01,0,lx
2025-05-27T21:12:59.227620,temp_01,13.61,°C
2025-05-27T21:12:59.227620,hum_01,84.54,%
2025-05-27T21:12:59.227620,press_01,989.6,hPa
2025-05-27T21:12:59.227620,light_01,69.43,lx
2025-05-27T21:17:41.109110,temp_01,15.43,°C
2025-05-27T21:17:41.109110,hum_01,67.13,%
2025-05-27T21:17:41.109110,press_01,990.43,hPa
2025-05-27T21:17:41.109110,light_01,0,lx
2025-05-27T21:17:42.109251,temp_01,13.82,°C
2025-05-27T21:17:42.109251,hum_01,73.99,%
2025-05-27T21:17:42.109251,press_01,998.39,hPa
2025-05-27T21:17:42.109251,light_01,0,lx
2025-05-27T21:17:43.109886,temp_01,14.54,°C
2025-05-27T21:17:43.109886,hum_01,73.58,%
2025-05-27T21:17:43.109886,press_01,1000.88,hPa
2025-05-27T21:17:43.109886,light_01,0,lx
2025-05-27T21:17:44.111035,temp_01,14.54,°C
2025-05-27T21:17:44.111035,hum_01,71.02,%
2025-05-27T21:17:44.111035,press_01,996.59,hPa
2025-05-27T21:17:44.111035,light_01,73.28,lx
2025-05-27T21:17:45.111889,temp_01,14.4,°C
2025-05-27T21:17:45.111889,hum_01,68.47,%
2025-05-27T21:17:45.111889,press_01,995.77,hPa
2025-05-27T21:17:45.111889,light_01,0,lx
2025-05-27T21:17:46.112528,temp_01,15.08,°C
2025-05-27T21:17:46.112528,hum_01,70.32,%
2025-05-27T21:17:46.112528,press_01,984.25,hPa
2025-05-27T21:17:46.112528,light_01,16.02,lx
2025-05-27T21:17:47.113417,temp_01,14.2,°C
2025-05-27T21:17:47.113417,hum_01,72.71,%
2025-05-27T21:17:47.113417,press_01,987.27,hPa
2025-05-27T21:17:47.113417,light_01,0,lx
2025-05-27T21:17:48.114403,temp_01,14.25,°C
2025-05-27T21:17:48.114403,hum_01,81.0,%
2025-05-27T21:17:48.114403,press_01,979.81,hPa
2025-05-27T21:17:48.114403,light_01,99.86,lx
2025-05-27T21:18:09.261868,temp_01,14.93,°C
2025-05-27T21:18:09.261868,hum_01,75.0,%
2025-05-27T21:18:09.261868,press_01,997.58,hPa
2025-05-27T21:18:09.261868,light_01,71.08,lx
2025-05-27T21:18:10.262270,temp_01,14.11,°C
2025-05-27T21:18:10.262270,hum_01,68.95,%
2025-05-27T21:18:10.262270,press_01,983.09,hPa
2025-05-27T21:18:10.262270,light_01,54.1,lx
2025-05-27T21:18:11.263268,temp_01,14.25,°C
2025-05-27T21:18:11.263268,hum_01,81.14,%
2025-05-27T21:18:11.263268,press_01,996.36,hPa
2025-05-27T21:18:11.263268,light_01,20.49,lx
2025-05-27T21:18:12.264872,temp_01,14.0,°C
2025-05-27T21:18:12.264872,hum_01,79.25,%
2025-05-27T21:18:12.264872,press_01,993.98,hPa
2025-05-27T21:18:12.264872,light_01,0,lx
2025-05-27T21:18:13.265877,temp_01,13.05,°C
2025-05-27T21:18:13.265877,hum_01,63.07,%
2025-05-27T21:18:13.265877,press_01,1001.64,hPa
2025-05-27T21:18:13.265877,light_01,18.67,lx
2025-05-27T21:18:14.267157,temp_01,14.28,°C
2025-05-27T21:18:14.267157,hum_01,78.34,%
2025-05-27T21:18:14.267157,press_01,985.92,hPa
2025-05-27T21:18:14.267157,light_01,0,lx
